feature,importance
group_mean,0.6901693490008988
yearsExperience,0.15248262641673893
milesFromMetropolis,0.10451401299971658
group_min,0.015269274327900567
group_std,0.013360634692372564
group_max,0.011826084568463836
group_median,0.010031604444771606
jobType,0.0015271893837756872
industry,0.000591151109092971
major,0.00019282706068727242
degree,2.775612741893685e-05
companyId,7.489868162038431e-06
